# Position, Position, Position, Direction, Direction, Direction, Example property
-5.999999999999999778e-02, 1.830000000000000071e+00, 8.100000000000000533e-01, 0.000000000000000000e+00, -1.000000000000000000e+00, -1.000000000000000000e+00, 1.000000000000000000e+00
1.790000000000000036e+00, -8.800000000000000044e-01, -1.100000000000000006e-01, 0.000000000000000000e+00, 6.600000000000000311e-01, 6.600000000000000311e-01, 2.000000000000000000e+00
-1.729999999999999982e+00, -7.700000000000000178e-01, -6.099999999999999867e-01, 0.000000000000000000e+00, 3.300000000000000155e-01, 3.300000000000000155e-01, 3.000000000000000000e+00
